{"dropout": 0.052753825037014625, "learning_rate": 0.4498478836364325, "weight_decay": 0.0018812411171728076}