{"dropout": 0.0013536140185162625, "learning_rate": 0.14750295365340862, "weight_decay": 0.0008698464584141677}