{"dropout": 0.16216606977453119, "learning_rate": 0.7131515437032772, "weight_decay": 0.0006861234532523382}